{"cameraMode":{"drawMode":0,"name":"Shaded","section":"Shading Mode"},"sceneLighting":true,"audioPlay":false,"sceneViewState":{"showFog":true,"showMaterialUpdate":false,"showSkybox":true,"showFlares":true,"showImageEffects":true,"showParticleSystems":true},"in2DMode":false,"pivot":{"x":5.339554786682129,"y":11.221319198608399,"z":2.9864273071289064},"rotation":{"x":0.00000674997545502265,"y":0.9999887347221375,"z":0.0014999844133853913,"w":-0.00449997978284955},"size":25.35562515258789,"orthographic":false}